Year,AQI
2022,24.587912087912088
2023,20.17924528301887
